Data Structures Tut,2025-03-10T11:00,2025-03-10T12:00,P1033,CS4115,tutorial,Patrick Healy
Engineering Maths Lec,2025-03-10T09:00,2025-03-10T10:00,DG016,MA4004,lecture,Kevin Burke
Computer Graphics Tut,2025-03-11T09:00,2025-03-11T10:00,HSG037,CS4815,tutorial,Ben Bartlett
Event Driven Programming Lab,2025-03-11T10:00,2025-03-11T12:00,CS2044,CS4076,lab,Abdul Razzaq
Intelligent Systems Lec,2025-03-11T13:00,2025-03-11T14:00,S205,CS4006,lecture,Malachy Eaton
Data Structures Lec,2025-03-11T14:00,2025-03-11T15:00,FB028,CS4115,lecture,Patrick Healy
Engineering Maths Tut,2025-03-11T15:00,2025-03-11T16:00,SR3008,MA4004,tutorial,Kevin Burke
Engineering Maths Lec,2025-03-12T09:00,2025-03-12T10:00,DG016,MA4004,lecture,Kevin Burke
Event Driven Programming Lec,2025-03-12T10:00,2025-03-12T11:00,CSG001,CS4076,lecture,Abdul Razzaq
Computer Graphics Lab,2025-03-12T15:00,2025-03-12T16:00,CS3005B,CS4815,lab,Ben Bartlett
Computer Graphics Lec,2025-03-12T11:00,2025-03-12T12:00,P1033,CS4815,lecture,Ben Bartlett
Intelligent Systems Lec,2025-03-13T09:00,2025-03-13T10:00,FG042,CS4006,lecture,Malachy Eaton
Data Structures Lec,2025-03-13T10:00,2025-03-13T11:00,CSG001,CS4115,lecture,Patrick Healy
Data Structures Lab,2025-03-13T16:00,2025-03-13T17:00,CS3004B,CS4115,lab,Patrick Healy
Intelligent Systems Tut,2025-03-13T11:00,2025-03-13T12:00,EM010,CS4006,lecture,Malachy Eaton
Event Driven Programming Lec,2025-03-11T16:00,2025-03-11T17:00,CSG001,CS4076,lecture,Abdul Razzaq
Test Lab,2025-03-01T09:00,2025-03-01T11:00,Location Test,Test Module,lab,Test Lecturer
test,2025-03-15T11:00,2025-03-15T13:30,test,testtest,Lecture,test
